{
  "version": 1,
  "author": "Erdito N.A.",
  "editor": "wokwi",
  "parts": [
    { "type": "wokwi-esp32-devkit-v1", "id": "esp", "top": 0, "left": 0, "attrs": {} },
    {
      "type": "wokwi-dht22",
      "id": "dht1",
      "top": -29.45,
      "left": -129.25,
      "attrs": { "temperature": "38.6", "humidity": "63" }
    },
    { "type": "wokwi-led", "id": "led1", "top": 6, "left": 186.2, "attrs": { "color": "red" } },
    { "type": "wokwi-led", "id": "led2", "top": 6, "left": 234.2, "attrs": { "color": "green" } },
    {
      "type": "wokwi-led",
      "id": "led3",
      "top": 6,
      "left": 291.8,
      "attrs": { "color": "magenta" }
    }
  ],
  "connections": [
    [ "esp:TX0", "$serialMonitor:RX", "", [] ],
    [ "esp:RX0", "$serialMonitor:TX", "", [] ],
    [ "dht1:VCC", "esp:VIN", "red", [ "v0" ] ],
    [ "dht1:SDA", "esp:D21", "green", [ "v133.16", "h227.66", "v-156.56" ] ],
    [ "dht1:GND", "esp:GND.2", "black", [ "v0" ] ],
    [ "led1:A", "esp:D5", "red", [ "v0" ] ],
    [ "led1:C", "esp:GND.1", "black", [ "v0" ] ],
    [ "led2:A", "esp:D18", "red", [ "v0" ] ],
    [ "led3:C", "esp:GND.1", "black", [ "v0" ] ],
    [ "led3:A", "esp:D19", "red", [ "v0" ] ],
    [ "led2:C", "esp:GND.2", "black", [ "v0" ] ]
  ],
  "dependencies": {}
}