{
  "version": 1,
  "author": "Erdito N.A.",
  "editor": "wokwi",
  "parts": [
    { "type": "board-esp32-devkit-c-v4", "id": "esp", "top": 0, "left": 0, "attrs": {} },
    {
      "type": "wokwi-dht22",
      "id": "dht1",
      "top": -38.1,
      "left": -130.2,
      "attrs": { "temperature": "-32.9", "humidity": "71.5" }
    },
    { "type": "wokwi-led", "id": "led1", "top": -22.8, "left": 167, "attrs": { "color": "red" } },
    {
      "type": "wokwi-led",
      "id": "led2",
      "top": -22.8,
      "left": 224.6,
      "attrs": { "color": "blue" }
    },
    {
      "type": "wokwi-led",
      "id": "led3",
      "top": -22.8,
      "left": 282.2,
      "attrs": { "color": "green" }
    }
  ],
  "connections": [
    [ "esp:TX", "$serialMonitor:RX", "", [] ],
    [ "esp:RX", "$serialMonitor:TX", "", [] ],
    [ "dht1:GND", "esp:CMD", "black", [ "v0" ] ],
    [ "dht1:SDA", "esp:21", "green", [ "v0" ] ],
    [ "dht1:VCC", "esp:5V", "red", [ "v0" ] ],
    [ "led1:C", "esp:GND.3", "black", [ "v0" ] ],
    [ "led2:C", "esp:GND.3", "black", [ "v0" ] ],
    [ "led3:C", "esp:GND.3", "black", [ "v0" ] ],
    [ "led1:A", "esp:5", "red", [ "v0" ] ],
    [ "led2:A", "esp:18", "blue", [ "v0" ] ],
    [ "led3:A", "esp:19", "green", [ "v0" ] ]
  ],
  "dependencies": {}
}